-- ========================================
-- Utility Billing System Database Schema
-- Based on: Tariff & DB Context + FR Requirements Gap Analysis
-- ========================================

CREATE DATABASE IF NOT EXISTS nwc_billing;
USE nwc_billing;

-- Create Users Table (Ù…Ø¹ Ø¬Ù…ÙŠØ¹ Ø§Ù„ØªØ¹Ø¯ÙŠÙ„Ø§Øª Ø§Ù„Ù…Ù‚ØªØ±Ø­Ø©)
-- Role Constants: 1 = Customer, 2 = Employee, 3 = Admin
CREATE TABLE users (
  id INT AUTO_INCREMENT PRIMARY KEY,
  username VARCHAR(255) NOT NULL UNIQUE,
  email VARCHAR(255) NOT NULL UNIQUE,
  password VARCHAR(255),
  phone_number VARCHAR(20),
  full_name VARCHAR(255),
  national_id VARCHAR(50),
  avatar_url VARCHAR(500),
  role INT NOT NULL DEFAULT 1,
  is_active BOOLEAN DEFAULT TRUE,
  last_login_at TIMESTAMP NULL,
  created_at TIMESTAMP DEFAULT CURRENT_TIMESTAMP,
  updated_at TIMESTAMP DEFAULT CURRENT_TIMESTAMP ON UPDATE CURRENT_TIMESTAMP,
  KEY idx_role (role)
);

-- Create Accounts Table
CREATE TABLE accounts (
  id INT AUTO_INCREMENT PRIMARY KEY,
  user_id INT NOT NULL,
  account_number VARCHAR(255) NOT NULL UNIQUE,
  status VARCHAR(50) NOT NULL DEFAULT 'active',
  account_type VARCHAR(50) DEFAULT 'residential',
  created_at TIMESTAMP DEFAULT CURRENT_TIMESTAMP,
  updated_at TIMESTAMP DEFAULT CURRENT_TIMESTAMP ON UPDATE CURRENT_TIMESTAMP,
  FOREIGN KEY (user_id) REFERENCES users(id) ON DELETE CASCADE
);

-- Create Premises Table
CREATE TABLE premises (
  id INT AUTO_INCREMENT PRIMARY KEY,
  account_id INT NOT NULL,
  address VARCHAR(255) NOT NULL,
  city VARCHAR(100) NOT NULL,
  zone VARCHAR(50),
  postal_code VARCHAR(20),
  connection_number VARCHAR(100),
  building_area DECIMAL(10, 2),
  plot_area DECIMAL(10, 2),
  latitude DECIMAL(10, 8),
  longitude DECIMAL(10, 8),
  premise_type VARCHAR(50),
  created_at TIMESTAMP DEFAULT CURRENT_TIMESTAMP,
  updated_at TIMESTAMP DEFAULT CURRENT_TIMESTAMP ON UPDATE CURRENT_TIMESTAMP,
  FOREIGN KEY (account_id) REFERENCES accounts(id) ON DELETE CASCADE
);

-- Create Service Agreements Table
CREATE TABLE service_agreements (
  id INT AUTO_INCREMENT PRIMARY KEY,
  premise_id INT NOT NULL,
  agreement_type VARCHAR(100),
  start_date DATE NOT NULL,
  end_date DATE,
  status VARCHAR(50) NOT NULL DEFAULT 'active',
  created_at TIMESTAMP DEFAULT CURRENT_TIMESTAMP,
  FOREIGN KEY (premise_id) REFERENCES premises(id) ON DELETE CASCADE
);

-- Create Meters Table (Ù…Ø¹ diameter_mm)
CREATE TABLE meters (
  id INT AUTO_INCREMENT PRIMARY KEY,
  premise_id INT NOT NULL,
  meter_number VARCHAR(100) NOT NULL UNIQUE,
  meter_type VARCHAR(50),
  diameter_mm INT,
  installation_date DATE NOT NULL,
  status VARCHAR(50) NOT NULL DEFAULT 'active',
  created_at TIMESTAMP DEFAULT CURRENT_TIMESTAMP,
  updated_at TIMESTAMP DEFAULT CURRENT_TIMESTAMP ON UPDATE CURRENT_TIMESTAMP,
  FOREIGN KEY (premise_id) REFERENCES premises(id) ON DELETE CASCADE
);

-- Create Meter Readings Table (Ù…Ø¹ ÙØªØ±Ø© Ø§Ù„Ù‚Ø±Ø§Ø¡Ø©)
CREATE TABLE meter_readings (
  id INT AUTO_INCREMENT PRIMARY KEY,
  meter_id INT NOT NULL,
  reading_date DATE NOT NULL,
  value DECIMAL(10, 2) NOT NULL,
  uom VARCHAR(20) DEFAULT 'm3',
  status VARCHAR(50) NOT NULL DEFAULT 'active',
  period_start_date DATE,
  period_end_date DATE,
  days_in_period INT,
  created_at TIMESTAMP DEFAULT CURRENT_TIMESTAMP,
  FOREIGN KEY (meter_id) REFERENCES meters(id) ON DELETE CASCADE,
  KEY idx_meter_reading_date (meter_id, reading_date)
);

-- Create Tariff Slabs Table (Ù…Ø¹ Ø¬Ù…ÙŠØ¹ Ø§Ù„Ø­Ù‚ÙˆÙ„ Ø§Ù„Ù…Ù‚ØªØ±Ø­Ø©)
CREATE TABLE tariff_slabs (
  id INT AUTO_INCREMENT PRIMARY KEY,
  service_type VARCHAR(100) NOT NULL,
  account_type VARCHAR(50),
  slab_from DECIMAL(10, 2) NOT NULL,
  slab_to DECIMAL(10, 2) NOT NULL,
  rate_per_unit DECIMAL(10, 4) NOT NULL,
  monthly_service_charge DECIMAL(10, 2),
  sewage_percentage DECIMAL(5, 2),
  vat_percentage DECIMAL(5, 2) DEFAULT 15.00,
  effective_date DATE,
  end_date DATE,
  created_at TIMESTAMP DEFAULT CURRENT_TIMESTAMP,
  updated_at TIMESTAMP DEFAULT CURRENT_TIMESTAMP ON UPDATE CURRENT_TIMESTAMP
);

-- Create Bills Table
CREATE TABLE bills (
  id INT AUTO_INCREMENT PRIMARY KEY,
  account_id INT NOT NULL,
  bill_date DATE NOT NULL,
  due_date DATE NOT NULL,
  total_amount DECIMAL(10, 2) NOT NULL,
  status VARCHAR(50) NOT NULL DEFAULT 'unpaid',
  original_bill_date DATE,
  created_at TIMESTAMP DEFAULT CURRENT_TIMESTAMP,
  updated_at TIMESTAMP DEFAULT CURRENT_TIMESTAMP ON UPDATE CURRENT_TIMESTAMP,
  FOREIGN KEY (account_id) REFERENCES accounts(id) ON DELETE CASCADE,
  KEY idx_bill_account_date (account_id, bill_date)
);

-- Create Bill Segments Table (ØªÙØ§ØµÙŠÙ„ Ø§Ù„ÙØ§ØªÙˆØ±Ø© Ø­Ø³Ø¨ Ø§Ù„Ù…Ù…ØªÙ„Ùƒ)
CREATE TABLE bill_segments (
  id INT AUTO_INCREMENT PRIMARY KEY,
  bill_id INT NOT NULL,
  premise_id INT NOT NULL,
  segment_type VARCHAR(50),
  current_amount DECIMAL(10, 2),
  status VARCHAR(50) NOT NULL DEFAULT 'active',
  remarks TEXT,
  service_quantity DECIMAL(10, 2),
  uom VARCHAR(20),
  created_at TIMESTAMP DEFAULT CURRENT_TIMESTAMP,
  FOREIGN KEY (bill_id) REFERENCES bills(id) ON DELETE CASCADE,
  FOREIGN KEY (premise_id) REFERENCES premises(id) ON DELETE CASCADE
);

-- Create Billable Charges Table (Ø±Ø³ÙˆÙ… Ø§Ù„ÙØ§ØªÙˆØ±Ø©: Ù…ÙŠØ§Ù‡ØŒ ØµØ±ÙØŒ Ø±Ø³Ù…ØŒ Ø¶Ø±ÙŠØ¨Ø©)
CREATE TABLE billable_charges (
  id INT AUTO_INCREMENT PRIMARY KEY,
  bill_segment_id INT NOT NULL,
  charge_type VARCHAR(50) NOT NULL,
  amount DECIMAL(10, 2) NOT NULL,
  description TEXT,
  created_at TIMESTAMP DEFAULT CURRENT_TIMESTAMP,
  FOREIGN KEY (bill_segment_id) REFERENCES bill_segments(id) ON DELETE CASCADE
);

-- Create Applied Tariff Slabs Table (Ø§Ù„ØªØ¹Ø±ÙŠÙØ§Øª Ø§Ù„Ù…Ø·Ø¨Ù‚Ø© Ø¹Ù„Ù‰ Ø§Ù„ÙØ§ØªÙˆØ±Ø©)
CREATE TABLE applied_tariff_slabs (
  id INT AUTO_INCREMENT PRIMARY KEY,
  bill_id INT NOT NULL,
  tariff_slab_id INT NOT NULL,
  slab_from DECIMAL(10, 2),
  slab_to DECIMAL(10, 2),
  rate_per_unit DECIMAL(10, 4),
  usage_in_this_slab DECIMAL(10, 2),
  service_type VARCHAR(100),
  created_at TIMESTAMP DEFAULT CURRENT_TIMESTAMP,
  FOREIGN KEY (bill_id) REFERENCES bills(id) ON DELETE CASCADE,
  FOREIGN KEY (tariff_slab_id) REFERENCES tariff_slabs(id) ON DELETE RESTRICT
);

-- Create Payments Table
CREATE TABLE payments (
  id INT AUTO_INCREMENT PRIMARY KEY,
  account_id INT NOT NULL,
  bill_id INT NOT NULL,
  payment_date DATE NOT NULL,
  amount DECIMAL(10, 2) NOT NULL,
  status VARCHAR(50) NOT NULL DEFAULT 'completed',
  created_at TIMESTAMP DEFAULT CURRENT_TIMESTAMP,
  FOREIGN KEY (account_id) REFERENCES accounts(id) ON DELETE CASCADE,
  FOREIGN KEY (bill_id) REFERENCES bills(id) ON DELETE CASCADE,
  KEY idx_payment_date (account_id, payment_date)
);

-- Create Payment Methods Table (Ø·Ø±Ù‚ Ø§Ù„Ø¯ÙØ¹ Ø§Ù„Ù…Ø­ÙÙˆØ¸Ø©)
CREATE TABLE payment_methods (
  id INT AUTO_INCREMENT PRIMARY KEY,
  account_id INT NOT NULL,
  card_number_token VARCHAR(255),
  card_holder_name VARCHAR(255),
  card_type VARCHAR(50),
  expiry_date DATE,
  is_primary BOOLEAN DEFAULT FALSE,
  is_active BOOLEAN DEFAULT TRUE,
  created_at TIMESTAMP DEFAULT CURRENT_TIMESTAMP,
  FOREIGN KEY (account_id) REFERENCES accounts(id) ON DELETE CASCADE
);

-- Create User Preferences Table (ØªÙØ¶ÙŠÙ„Ø§Øª Ø§Ù„Ù…Ø³ØªØ®Ø¯Ù…)
CREATE TABLE user_preferences (
  id INT AUTO_INCREMENT PRIMARY KEY,
  user_id INT NOT NULL,
  language VARCHAR(5) DEFAULT 'ar',
  theme VARCHAR(50) DEFAULT 'light',
  notifications_enabled BOOLEAN DEFAULT TRUE,
  created_at TIMESTAMP DEFAULT CURRENT_TIMESTAMP,
  updated_at TIMESTAMP DEFAULT CURRENT_TIMESTAMP ON UPDATE CURRENT_TIMESTAMP,
  UNIQUE KEY unique_user_preference (user_id),
  FOREIGN KEY (user_id) REFERENCES users(id) ON DELETE CASCADE
);

-- ========================================
-- INDEXES Ù„Ù„Ø£Ø¯Ø§Ø¡ Ø§Ù„Ø£ÙØ¶Ù„
-- ========================================

CREATE INDEX idx_users_username ON users(username);
CREATE INDEX idx_users_email ON users(email);
CREATE INDEX idx_users_role ON users(role);
CREATE INDEX idx_accounts_user_id ON accounts(user_id);
CREATE INDEX idx_accounts_account_number ON accounts(account_number);
CREATE INDEX idx_accounts_status ON accounts(status);
CREATE INDEX idx_premises_account_id ON premises(account_id);
CREATE INDEX idx_premises_city ON premises(city);
CREATE INDEX idx_meters_premise_id ON meters(premise_id);
CREATE INDEX idx_meters_meter_number ON meters(meter_number);
CREATE INDEX idx_meters_status ON meters(status);
CREATE INDEX idx_meter_readings_meter_id ON meter_readings(meter_id);
CREATE INDEX idx_meter_readings_date ON meter_readings(reading_date);
CREATE INDEX idx_tariff_slabs_service_type ON tariff_slabs(service_type);
CREATE INDEX idx_tariff_slabs_account_type ON tariff_slabs(account_type);
CREATE INDEX idx_bills_account_id ON bills(account_id);
CREATE INDEX idx_bills_status ON bills(status);
CREATE INDEX idx_bills_date ON bills(bill_date);
CREATE INDEX idx_bill_segments_bill_id ON bill_segments(bill_id);
CREATE INDEX idx_bill_segments_premise_id ON bill_segments(premise_id);
CREATE INDEX idx_billable_charges_bill_segment_id ON billable_charges(bill_segment_id);
CREATE INDEX idx_billable_charges_type ON billable_charges(charge_type);
CREATE INDEX idx_applied_tariff_bill_id ON applied_tariff_slabs(bill_id);
CREATE INDEX idx_applied_tariff_slab_id ON applied_tariff_slabs(tariff_slab_id);
CREATE INDEX idx_payments_account_id ON payments(account_id);
CREATE INDEX idx_payments_bill_id ON payments(bill_id);
CREATE INDEX idx_payments_date ON payments(payment_date);
CREATE INDEX idx_payment_methods_account_id ON payment_methods(account_id);
CREATE INDEX idx_user_preferences_user_id ON user_preferences(user_id);

-- ========================================
-- ØªÙ… Ø¥Ø¶Ø§ÙØ© Ø¬Ù…ÙŠØ¹ Ø§Ù„ØªØ¹Ø¯ÙŠÙ„Ø§Øª Ø§Ù„Ù…Ù‚ØªØ±Ø­Ø©:
-- âœ… role as INT (1=Customer, 2=Employee, 3=Admin)
-- âœ… full_name, national_id, avatar_url ÙÙŠ users
-- âœ… last_login_at ÙÙŠ users
-- âœ… diameter_mm ÙÙŠ meters
-- âœ… period_start_date, period_end_date ÙÙŠ meter_readings
-- âœ… monthly_service_charge, sewage_percentage, vat_percentage ÙÙŠ tariff_slabs
-- âœ… account_type ÙÙŠ tariff_slabs
-- âœ… payment_methods table
-- âœ… user_preferences table
-- âœ… applied_tariff_slabs Ù„Ù„Ø­ÙØ§Ø¸ Ø¹Ù„Ù‰ Ø§Ù„ØªØ§Ø±ÙŠØ®
-- âœ… Indexes Ù„Ù„Ø£Ø¯Ø§Ø¡ Ø§Ù„Ø£ÙØ¶Ù„
-- ========================================

-- ========================================
-- TEST DATA / DUMMY DATA
-- Role Constants: 1 = Customer, 2 = Employee
-- ========================================

-- Insert test users (85 Customers + 15 Employees = 100 total)
INSERT INTO users (username, email, full_name, phone_number, national_id, role) VALUES
-- CUSTOMERS (role = 1) - IDs 1-85 (Original 35 + New 50)
('ahmed_ali', 'ahmed@example.com', 'Ø£Ø­Ù…Ø¯ Ø¹Ù„ÙŠ', '0501234567', '1234567890', 1),
('fatima_khan', 'fatima@example.com', 'ÙØ§Ø·Ù…Ø© Ø®Ø§Ù†', '0505443210', '1234567891', 1),
('mohammed_hassan', 'mohammed@example.com', 'Ù…Ø­Ù…Ø¯ Ø­Ø³Ù†', '0509876543', '1234567892', 1),
('sara_ahmed', 'sara@example.com', 'Ø³Ø§Ø±Ø© Ø£Ø­Ù…Ø¯', '0502111111', '1234567893', 1),
('khalid_noor', 'khalid@example.com', 'Ø®Ø§Ù„Ø¯ Ù†ÙˆØ±', '0503222222', '1234567894', 1),
('layla_malik', 'layla@example.com', 'Ù„ÙŠÙ„Ù‰ Ù…Ø§Ù„Ùƒ', '0504333333', '1234567895', 1),
('omar_rashid', 'omar@example.com', 'Ø¹Ù…Ø± Ø±Ø´ÙŠØ¯', '0505444444', '1234567896', 1),
('noor_hassan', 'noor@example.com', 'Ù†ÙˆØ± Ø­Ø³Ù†', '0506555555', '1234567897', 1),
('zainab_ali', 'zainab@example.com', 'Ø²ÙŠÙ†Ø¨ Ø¹Ù„ÙŠ', '0507666666', '1234567898', 1),
('amir_khan', 'amir@example.com', 'Ø£Ù…ÙŠØ± Ø®Ø§Ù†', '0508777777', '1234567899', 1),
('maryam_samah', 'maryam@example.com', 'Ù…Ø±ÙŠÙ… Ø³Ù…Ø§Ø­', '0509888888', '1234567800', 1),
('hassan_ali', 'hassan@example.com', 'Ø­Ø³Ù† Ø¹Ù„ÙŠ', '0501999999', '1234567801', 1),
('amina_ahmed', 'amina@example.com', 'Ø£Ù…ÙŠÙ†Ø© Ø£Ø­Ù…Ø¯', '0502000000', '1234567802', 1),
('karim_malik', 'karim@example.com', 'ÙƒØ±ÙŠÙ… Ù…Ø§Ù„Ùƒ', '0503111111', '1234567803', 1),
('hana_noor', 'hana@example.com', 'Ù‡Ù†Ø§Ø¡ Ù†ÙˆØ±', '0504222222', '1234567804', 1),
('youssef_rashid', 'youssef@example.com', 'ÙŠÙˆØ³Ù Ø±Ø´ÙŠØ¯', '0505333333', '1234567805', 1),
('dina_samah', 'dina@example.com', 'Ø¯ÙŠÙ†Ø§ Ø³Ù…Ø§Ø­', '0506444444', '1234567806', 1),
('rafiq_khan', 'rafiq@example.com', 'Ø±ÙÙŠÙ‚ Ø®Ø§Ù†', '0507555555', '1234567807', 1),
('leena_ali', 'leena@example.com', 'Ù„ÙŠÙ†Ø§ Ø¹Ù„ÙŠ', '0508666666', '1234567808', 1),
('samir_hassan', 'samir@example.com', 'Ø³Ù…ÙŠØ± Ø­Ø³Ù†', '0509777777', '1234567809', 1),
('hiba_malik', 'hiba@example.com', 'Ù‡Ø¨Ø© Ù…Ø§Ù„Ùƒ', '0501888888', '1234567810', 1),
('adel_noor', 'adel@example.com', 'Ø¹Ø§Ø¯Ù„ Ù†ÙˆØ±', '0502999999', '1234567811', 1),
('salma_rashid', 'salma@example.com', 'Ø³Ù„Ù…Ù‰ Ø±Ø´ÙŠØ¯', '0503000000', '1234567812', 1),
('fadi_ahmed', 'fadi@example.com', 'ÙØ§Ø¯ÙŠ Ø£Ø­Ù…Ø¯', '0504111111', '1234567813', 1),
('yasmin_samah', 'yasmin@example.com', 'ÙŠØ§Ø³Ù…ÙŠÙ† Ø³Ù…Ø§Ø­', '0505222222', '1234567814', 1),
('jamal_khan', 'jamal@example.com', 'Ø¬Ù…Ø§Ù„ Ø®Ø§Ù†', '0506333333', '1234567815', 1),
('widad_ali', 'widad@example.com', 'ÙˆØ¯Ø§Ø¯ Ø¹Ù„ÙŠ', '0507444444', '1234567816', 1),
('naseem_hassan', 'naseem@example.com', 'Ù†Ø³ÙŠÙ… Ø­Ø³Ù†', '0508555555', '1234567817', 1),
('raiya_malik', 'raiya@example.com', 'Ø±Ø§ÙŠØ§ Ù…Ø§Ù„Ùƒ', '0509666666', '1234567818', 1),
('walid_noor', 'walid@example.com', 'ÙˆÙ„ÙŠØ¯ Ù†ÙˆØ±', '0501777777', '1234567819', 1),
('hind_rashid', 'hind@example.com', 'Ù‡Ù†Ø¯ Ø±Ø´ÙŠØ¯', '0502888888', '1234567820', 1),
('aqeel_ahmed', 'aqeel@example.com', 'Ø¹Ù‚ÙŠÙ„ Ø£Ø­Ù…Ø¯', '0503999999', '1234567821', 1),
('nadia_samah', 'nadia@example.com', 'Ù†Ø§Ø¯ÙŠØ© Ø³Ù…Ø§Ø­', '0504000000', '1234567822', 1),
('rashad_khan', 'rashad@example.com', 'Ø±Ø´Ø§Ø¯ Ø®Ø§Ù†', '0505111111', '1234567823', 1),
('lina_ali', 'lina@example.com', 'Ù„ÙŠÙ†Ø© Ø¹Ù„ÙŠ', '0506222222', '1234567824', 1),
-- NEW 50 CUSTOMERS (IDs 36-85)
('customer_36', 'customer36@example.com', 'Ù…Ø­Ù…ÙˆØ¯ Ø¥Ø¨Ø±Ø§Ù‡ÙŠÙ…', '0507334455', '1234567825', 1),
('customer_37', 'customer37@example.com', 'Ù†ÙˆØ± Ø§Ù„Ø¯ÙŠÙ† Ø¹Ù„ÙŠ', '0508445566', '1234567826', 1),
('customer_38', 'customer38@example.com', 'Ø±Ù‡Ù Ù…Ø­Ù…Ø¯', '0509556677', '1234567827', 1),
('customer_39', 'customer39@example.com', 'Ø³Ù„ÙŠÙ…Ø§Ù† Ø£Ø­Ù…Ø¯', '0501667788', '1234567828', 1),
('customer_40', 'customer40@example.com', 'Ù…Ù†Ù‰ Ø®Ø§Ù„Ø¯', '0502778899', '1234567829', 1),
('customer_41', 'customer41@example.com', 'Ø¹Ø¨Ø¯Ø§Ù„Ù„Ù‡ Ø­Ø³Ù†', '0503889900', '1234567830', 1),
('customer_42', 'customer42@example.com', 'ÙØ±Ø­ Ù…Ø­Ù…ÙˆØ¯', '0504990011', '1234567831', 1),
('customer_43', 'customer43@example.com', 'Ø­Ù…Ø¯ Ø§Ù„Ø´Ù…Ø±ÙŠ', '0505001122', '1234567832', 1),
('customer_44', 'customer44@example.com', 'Ù„ÙŠØ§Ù† ÙÙ‡Ø¯', '0506112233', '1234567833', 1),
('customer_45', 'customer45@example.com', 'Ù†Ø§ØµØ± Ø¹Ù„ÙŠ', '0507223344', '1234567834', 1),
('customer_46', 'customer46@example.com', 'Ø¬Ù†Ù‰ Ù…Ø­Ù…Ø¯', '0508334455', '1234567835', 1),
('customer_47', 'customer47@example.com', 'Ø³Ø§Ù„Ù… Ø£Ø­Ù…Ø¯', '0509445566', '1234567836', 1),
('customer_48', 'customer48@example.com', 'Ù‡Ù†Ø§ Ø®Ø§Ù„Ø¯', '0501556677', '1234567837', 1),
('customer_49', 'customer49@example.com', 'ÙÙ‡Ø¯ Ù…Ø­Ù…ÙˆØ¯', '0502667788', '1234567838', 1),
('customer_50', 'customer50@example.com', 'Ø´ÙŠØ®Ø© Ø¹Ù„ÙŠ', '0503778899', '1234567839', 1),
('customer_51', 'customer51@example.com', 'Ù…Ø­Ù…Ø¯ Ø§Ù„Ø³Ø§Ù„Ù…', '0504889900', '1234567840', 1),
('customer_52', 'customer52@example.com', 'ÙˆÙØ§Ø¡ Ø£Ø­Ù…Ø¯', '0505990011', '1234567841', 1),
('customer_53', 'customer53@example.com', 'Ø¹Ù„ÙŠ Ø­Ø³Ù†', '0506001122', '1234567842', 1),
('customer_54', 'customer54@example.com', 'Ø±ÙŠÙ… Ø®Ø§Ù„Ø¯', '0507112233', '1234567843', 1),
('customer_55', 'customer55@example.com', 'Ø³Ø¹ÙŠØ¯ Ù…Ø­Ù…Ø¯', '0508223344', '1234567844', 1),
('customer_56', 'customer56@example.com', 'Ø£Ù…Ù„ Ø¹Ù„ÙŠ', '0509334455', '1234567845', 1),
('customer_57', 'customer57@example.com', 'Ø¥Ø¨Ø±Ø§Ù‡ÙŠÙ… Ø£Ø­Ù…Ø¯', '0501445566', '1234567846', 1),
('customer_58', 'customer58@example.com', 'Ù‡Ø¯Ù‰ Ù…Ø­Ù…ÙˆØ¯', '0502556677', '1234567847', 1),
('customer_59', 'customer59@example.com', 'Ø¹Ù…Ø± Ø®Ø§Ù„Ø¯', '0503667788', '1234567848', 1),
('customer_60', 'customer60@example.com', 'Ù†Ø±Ø¬Ø³ Ø¹Ù„ÙŠ', '0504778899', '1234567849', 1),
('customer_61', 'customer61@example.com', 'Ø¹Ø«Ù…Ø§Ù† Ù…Ø­Ù…Ø¯', '0505889900', '1234567850', 1),
('customer_62', 'customer62@example.com', 'Ø³Ø§Ø±Ø© Ø£Ø­Ù…Ø¯ Ø¬Ø¯ÙŠØ¯', '0506990011', '1234567851', 1),
('customer_63', 'customer63@example.com', 'ÙŠÙˆØ³Ù Ø¹Ù„ÙŠ', '0507001122', '1234567852', 1),
('customer_64', 'customer64@example.com', 'Ø¬Ù…ÙŠÙ„Ø© Ù…Ø­Ù…ÙˆØ¯', '0508112233', '1234567853', 1),
('customer_65', 'customer65@example.com', 'Ø£Ø³Ø§Ù…Ø© Ø£Ø­Ù…Ø¯', '0509223344', '1234567854', 1),
('customer_66', 'customer66@example.com', 'Ù„Ø¨Ù†Ù‰ Ø®Ø§Ù„Ø¯', '0501334455', '1234567855', 1),
('customer_67', 'customer67@example.com', 'Ù…Ø§Ø¬Ø¯ Ø¹Ù„ÙŠ', '0502445566', '1234567856', 1),
('customer_68', 'customer68@example.com', 'Ø±ÙˆØ¹Ø© Ù…Ø­Ù…Ø¯', '0503556677', '1234567857', 1),
('customer_69', 'customer69@example.com', 'Ø®Ø§Ù„Ø¯ Ø£Ø­Ù…Ø¯', '0504667788', '1234567858', 1),
('customer_70', 'customer70@example.com', 'ÙŠØ§Ø³Ù…ÙŠÙ† Ø¹Ù„ÙŠ', '0505778899', '1234567859', 1),
('customer_71', 'customer71@example.com', 'Ù…Ø­Ø³Ù† Ù…Ø­Ù…ÙˆØ¯', '0506889900', '1234567860', 1),
('customer_72', 'customer72@example.com', 'Ø³Ù‡Ø§ Ø®Ø§Ù„Ø¯', '0507990011', '1234567861', 1),
('customer_73', 'customer73@example.com', 'Ø·Ø§Ø±Ù‚ Ø¹Ù„ÙŠ', '0508001122', '1234567862', 1),
('customer_74', 'customer74@example.com', 'Ù†Ø¯Ù‰ Ø£Ø­Ù…Ø¯', '0509112233', '1234567863', 1),
('customer_75', 'customer75@example.com', 'Ù…Ø­Ù…Ø¯ Ø¹Ù„ÙŠ Ù…Ø­Ù…Ø¯', '0501223344', '1234567864', 1),
('customer_76', 'customer76@example.com', 'ÙØ§Ø·Ù…Ø© Ø§Ù„Ø²Ù‡Ø±Ø§Ø¡', '0502334455', '1234567865', 1),
('customer_77', 'customer77@example.com', 'Ù…Ø­Ù…ÙˆØ¯ Ø­Ø³Ù†', '0503445566', '1234567866', 1),
('customer_78', 'customer78@example.com', 'Ø²ÙŠÙ†Ø¨ Ù…Ø­Ù…Ø¯', '0504556677', '1234567867', 1),
('customer_79', 'customer79@example.com', 'Ø¹Ù„Ø§Ø¡ Ø§Ù„Ø¯ÙŠÙ†', '0505667788', '1234567868', 1),
('customer_80', 'customer80@example.com', 'Ø¯Ø¹Ø§Ø¡ Ø¹Ù„ÙŠ', '0506778899', '1234567869', 1),
('customer_81', 'customer81@example.com', 'Ø¬Ø¹ÙØ± Ø£Ø­Ù…Ø¯', '0507889900', '1234567870', 1),
('customer_82', 'customer82@example.com', 'Ø¥ÙŠÙ…Ø§Ù† Ø®Ø§Ù„Ø¯', '0508990011', '1234567871', 1),
('customer_83', 'customer83@example.com', 'Ø¹Ù„ÙŠ Ù…Ø­Ù…Ø¯', '0509001122', '1234567872', 1),
('customer_84', 'customer84@example.com', 'Ø¯Ù„ÙŠÙ„Ø© Ø£Ø­Ù…Ø¯', '0501112233', '1234567873', 1),
('customer_85', 'customer85@example.com', 'Ø³Ù„ÙŠÙ… Ø¹Ù„ÙŠ', '0502223344', '1234567874', 1),
-- EMPLOYEES (role = 2) - IDs 86-100
('emp_saleh', 'saleh_emp@nwc.gov.sa', 'ØµØ§Ù„Ø­ Ø§Ù„Ù…ÙˆØ¸Ù', '0501111111', '1111111111', 2),
('emp_fatima', 'fatima_emp@nwc.gov.sa', 'ÙØ§Ø·Ù…Ø© Ø§Ù„Ù…ÙˆØ¸Ù', '0502222222', '1111111112', 2),
('emp_khalid', 'khalid_emp@nwc.gov.sa', 'Ø®Ø§Ù„Ø¯ Ø§Ù„Ù…ÙˆØ¸Ù', '0503333333', '1111111113', 2),
('emp_mariam', 'mariam_emp@nwc.gov.sa', 'Ù…Ø±ÙŠÙ… Ø§Ù„Ù…ÙˆØ¸Ù', '0504444444', '1111111114', 2),
('emp_ahmed', 'ahmed_emp@nwc.gov.sa', 'Ø£Ø­Ù…Ø¯ Ø§Ù„Ù…ÙˆØ¸Ù', '0505555555', '1111111115', 2),
('emp_noor', 'noor_emp@nwc.gov.sa', 'Ù†ÙˆØ± Ø§Ù„Ù…ÙˆØ¸Ù', '0506666666', '1111111116', 2),
('emp_sara', 'sara_emp@nwc.gov.sa', 'Ø³Ø§Ø±Ø© Ø§Ù„Ù…ÙˆØ¸Ù', '0507777777', '1111111117', 2),
('emp_hassan', 'hassan_emp@nwc.gov.sa', 'Ø­Ø³Ù† Ø§Ù„Ù…ÙˆØ¸Ù', '0508888888', '1111111118', 2),
('emp_layla', 'layla_emp@nwc.gov.sa', 'Ù„ÙŠÙ„Ù‰ Ø§Ù„Ù…ÙˆØ¸Ù', '0509999999', '1111111119', 2),
('emp_amira', 'amira_emp@nwc.gov.sa', 'Ø£Ù…ÙŠØ±Ø© Ø§Ù„Ù…ÙˆØ¸Ù', '0501000000', '1111111120', 2),
('emp_jamil', 'jamil_emp@nwc.gov.sa', 'Ø¬Ù…ÙŠÙ„ Ø§Ù„Ù…ÙˆØ¸Ù', '0502000000', '1111111121', 2),
('emp_hana', 'hana_emp@nwc.gov.sa', 'Ù‡Ù†Ø§Ø¡ Ø§Ù„Ù…ÙˆØ¸Ù', '0503000000', '1111111122', 2),
('emp_zaki', 'zaki_emp@nwc.gov.sa', 'Ø²ÙƒÙŠ Ø§Ù„Ù…ÙˆØ¸Ù', '0504000000', '1111111123', 2),
('emp_aida', 'aida_emp@nwc.gov.sa', 'Ø¹Ø§Ø¦Ø¯Ø© Ø§Ù„Ù…ÙˆØ¸Ù', '0505000000', '1111111124', 2),
('emp_rahim', 'rahim_emp@nwc.gov.sa', 'Ø±Ø­ÙŠÙ… Ø§Ù„Ù…ÙˆØ¸Ù', '0506000000', '1111111125', 2);

-- Insert test accounts (85 customer accounts)
INSERT INTO accounts (account_number, user_id, status, account_type) VALUES
('ACC-00001', 1, 'active', 'residential'),
('ACC-00002', 2, 'active', 'residential'),
('ACC-00003', 3, 'active', 'commercial'),
('ACC-00004', 4, 'active', 'residential'),
('ACC-00005', 5, 'active', 'residential'),
('ACC-00006', 6, 'active', 'residential'),
('ACC-00007', 7, 'active', 'residential'),
('ACC-00008', 8, 'active', 'residential'),
('ACC-00009', 9, 'active', 'residential'),
('ACC-00010', 10, 'active', 'residential'),
('ACC-00011', 11, 'active', 'residential'),
('ACC-00012', 12, 'active', 'residential'),
('ACC-00013', 13, 'active', 'residential'),
('ACC-00014', 14, 'active', 'residential'),
('ACC-00015', 15, 'active', 'residential'),
('ACC-00016', 16, 'active', 'residential'),
('ACC-00017', 17, 'active', 'residential'),
('ACC-00018', 18, 'active', 'residential'),
('ACC-00019', 19, 'active', 'residential'),
('ACC-00020', 20, 'active', 'residential'),
('ACC-00021', 21, 'active', 'residential'),
('ACC-00022', 22, 'active', 'residential'),
('ACC-00023', 23, 'active', 'residential'),
('ACC-00024', 24, 'active', 'residential'),
('ACC-00025', 25, 'active', 'residential'),
('ACC-00026', 26, 'active', 'residential'),
('ACC-00027', 27, 'active', 'residential'),
('ACC-00028', 28, 'active', 'residential'),
('ACC-00029', 29, 'active', 'residential'),
('ACC-00030', 30, 'active', 'residential'),
('ACC-00031', 31, 'active', 'residential'),
('ACC-00032', 32, 'active', 'residential'),
('ACC-00033', 33, 'active', 'residential'),
('ACC-00034', 34, 'active', 'residential'),
('ACC-00035', 35, 'active', 'residential'),
('ACC-00036', 36, 'active', 'residential'),
('ACC-00037', 37, 'active', 'residential'),
('ACC-00038', 38, 'active', 'residential'),
('ACC-00039', 39, 'active', 'residential'),
('ACC-00040', 40, 'active', 'residential'),
('ACC-00041', 41, 'active', 'residential'),
('ACC-00042', 42, 'active', 'residential'),
('ACC-00043', 43, 'active', 'residential'),
('ACC-00044', 44, 'active', 'residential'),
('ACC-00045', 45, 'active', 'residential'),
('ACC-00046', 46, 'active', 'residential'),
('ACC-00047', 47, 'active', 'residential'),
('ACC-00048', 48, 'active', 'residential'),
('ACC-00049', 49, 'active', 'residential'),
('ACC-00050', 50, 'active', 'residential'),
('ACC-00051', 51, 'active', 'residential'),
('ACC-00052', 52, 'active', 'residential'),
('ACC-00053', 53, 'active', 'residential'),
('ACC-00054', 54, 'active', 'residential'),
('ACC-00055', 55, 'active', 'residential'),
('ACC-00056', 56, 'active', 'residential'),
('ACC-00057', 57, 'active', 'residential'),
('ACC-00058', 58, 'active', 'residential'),
('ACC-00059', 59, 'active', 'residential'),
('ACC-00060', 60, 'active', 'residential'),
('ACC-00061', 61, 'active', 'residential'),
('ACC-00062', 62, 'active', 'residential'),
('ACC-00063', 63, 'active', 'residential'),
('ACC-00064', 64, 'active', 'residential'),
('ACC-00065', 65, 'active', 'residential'),
('ACC-00066', 66, 'active', 'residential'),
('ACC-00067', 67, 'active', 'residential'),
('ACC-00068', 68, 'active', 'residential'),
('ACC-00069', 69, 'active', 'residential'),
('ACC-00070', 70, 'active', 'residential'),
('ACC-00071', 71, 'active', 'residential'),
('ACC-00072', 72, 'active', 'residential'),
('ACC-00073', 73, 'active', 'residential'),
('ACC-00074', 74, 'active', 'residential'),
('ACC-00075', 75, 'active', 'residential'),
('ACC-00076', 76, 'active', 'residential'),
('ACC-00077', 77, 'active', 'residential'),
('ACC-00078', 78, 'active', 'residential'),
('ACC-00079', 79, 'active', 'residential'),
('ACC-00080', 80, 'active', 'residential'),
('ACC-00081', 81, 'active', 'residential'),
('ACC-00082', 82, 'active', 'residential'),
('ACC-00083', 83, 'active', 'residential'),
('ACC-00084', 84, 'active', 'residential'),
('ACC-00085', 85, 'active', 'residential');

-- Insert test premises (85 premises for 85 accounts)
INSERT INTO premises (account_id, address, city, zone, building_area, plot_area, latitude, longitude, premise_type) VALUES
(1, 'Villa 123, Al Olaya St', 'Riyadh', 'Central', 500, 1000, 24.7136, 46.6753, 'villa'),
(2, 'Apt 456, King Fahd Rd', 'Riyadh', 'North', 250, 500, 24.7500, 46.6900, 'apartment'),
(3, 'Building 789, Commerce St', 'Riyadh', 'Business', 2000, 5000, 24.7200, 46.6800, 'commercial'),
(4, 'Villa 234, Prince Rd', 'Riyadh', 'Central', 600, 1200, 24.7200, 46.6800, 'villa'),
(5, 'Apt 567, Tahlia St', 'Riyadh', 'North', 280, 600, 24.7400, 46.6950, 'apartment'),
(6, 'Villa 345, Olaya St', 'Riyadh', 'Central', 550, 1100, 24.7150, 46.6750, 'villa'),
(7, 'Apt 678, King Abs Rd', 'Riyadh', 'East', 260, 550, 24.7300, 46.7000, 'apartment'),
(8, 'Villa 456, Salman Rd', 'Riyadh', 'West', 700, 1400, 24.7000, 46.6600, 'villa'),
(9, 'Apt 789, Shura St', 'Riyadh', 'North', 240, 480, 24.7600, 46.6900, 'apartment'),
(10, 'Villa 567, Nakheel Rd', 'Riyadh', 'South', 500, 1000, 24.7050, 46.6700, 'villa'),
(11, 'Apt 890, Rayan St', 'Riyadh', 'Central', 300, 650, 24.7180, 46.6800, 'apartment'),
(12, 'Villa 678, Farzan St', 'Riyadh', 'East', 550, 1100, 24.7250, 46.7050, 'villa'),
(13, 'Apt 901, Sitteen St', 'Riyadh', 'North', 270, 570, 24.7500, 46.6950, 'apartment'),
(14, 'Villa 789, Aziziyah', 'Riyadh', 'Central', 600, 1200, 24.7200, 46.6850, 'villa'),
(15, 'Apt 012, Banader St', 'Riyadh', 'West', 250, 520, 24.6900, 46.6500, 'apartment'),
(16, 'Villa 890, Khaleej St', 'Riyadh', 'South', 520, 1050, 24.7100, 46.6750, 'villa'),
(17, 'Apt 123, Taiteen St', 'Riyadh', 'East', 290, 600, 24.7350, 46.7100, 'apartment'),
(18, 'Villa 901, Alamira', 'Riyadh', 'Central', 580, 1160, 24.7220, 46.6820, 'villa'),
(19, 'Apt 234, Al Hassa', 'Riyadh', 'North', 255, 530, 24.7550, 46.6880, 'apartment'),
(20, 'Villa 012, Qassim Rd', 'Riyadh', 'East', 510, 1020, 24.7280, 46.7080, 'villa'),
(21, 'Apt 345, Anbara St', 'Riyadh', 'Central', 280, 580, 24.7190, 46.6810, 'apartment'),
(22, 'Villa 123, Malaz', 'Riyadh', 'South', 530, 1080, 24.7080, 46.6720, 'villa'),
(23, 'Apt 456, Sulaiman Rd', 'Riyadh', 'West', 245, 510, 24.6950, 46.6550, 'apartment'),
(24, 'Villa 234, Alkhalij', 'Riyadh', 'North', 590, 1180, 24.7400, 46.7050, 'villa'),
(25, 'Apt 567, Riyadh District', 'Riyadh', 'Central', 275, 575, 24.7210, 46.6830, 'apartment'),
(26, 'Villa 345, Qurtuba', 'Riyadh', 'East', 540, 1090, 24.7310, 46.7120, 'villa'),
(27, 'Apt 678, AL Faisaliah', 'Riyadh', 'South', 265, 560, 24.7130, 46.6780, 'apartment'),
(28, 'Villa 456, Umm Al Hamam', 'Riyadh', 'North', 560, 1140, 24.7450, 46.6900, 'villa'),
(29, 'Apt 789, Khuzam St', 'Riyadh', 'West', 250, 525, 24.6920, 46.6480, 'apartment'),
(30, 'Villa 567, Alnoor', 'Riyadh', 'Central', 500, 1000, 24.7150, 46.6760, 'villa'),
(31, 'Apt 890, Salah St', 'Riyadh', 'East', 285, 595, 24.7370, 46.7150, 'apartment'),
(32, 'Villa 678, AlRayan', 'Riyadh', 'South', 525, 1070, 24.7090, 46.6740, 'villa'),
(33, 'Apt 901, Almuzahmiya', 'Riyadh', 'North', 260, 540, 24.7480, 46.6920, 'apartment'),
(34, 'Villa 789, Al Worood', 'Riyadh', 'Central', 570, 1150, 24.7230, 46.6840, 'villa'),
(35, 'Apt 012, Gharnata St', 'Riyadh', 'West', 270, 570, 24.6980, 46.6520, 'apartment'),
(36, 'Villa 101, Nasim St', 'Riyadh', 'East', 480, 950, 24.7320, 46.7130, 'villa'),
(37, 'Apt 202, Hamra St', 'Riyadh', 'Central', 245, 510, 24.7200, 46.6850, 'apartment'),
(38, 'Villa 303, Sahara Ave', 'Riyadh', 'North', 550, 1100, 24.7480, 46.6950, 'villa'),
(39, 'Apt 404, Green Lane', 'Riyadh', 'South', 260, 550, 24.7090, 46.6720, 'apartment'),
(40, 'Villa 505, Water St', 'Riyadh', 'West', 600, 1200, 24.6950, 46.6580, 'villa'),
(41, 'Apt 606, Sky Blvd', 'Riyadh', 'East', 290, 600, 24.7380, 46.7150, 'apartment'),
(42, 'Villa 707, Moon Rd', 'Riyadh', 'Central', 520, 1040, 24.7210, 46.6840, 'villa'),
(43, 'Apt 808, Star Ave', 'Riyadh', 'North', 255, 530, 24.7510, 46.6930, 'apartment'),
(44, 'Villa 909, Sun St', 'Riyadh', 'South', 570, 1150, 24.7100, 46.6760, 'villa'),
(45, 'Apt 010, Wind Ln', 'Riyadh', 'West', 250, 520, 24.6980, 46.6520, 'apartment'),
(46, 'Villa 111, Ocean Rd', 'Riyadh', 'Central', 510, 1020, 24.7180, 46.6810, 'villa'),
(47, 'Apt 212, Forest Dr', 'Riyadh', 'East', 280, 580, 24.7340, 46.7120, 'apartment'),
(48, 'Villa 313, Mountain Av', 'Riyadh', 'North', 580, 1160, 24.7420, 46.6920, 'villa'),
(49, 'Apt 414, River St', 'Riyadh', 'South', 265, 560, 24.7110, 46.6750, 'apartment'),
(50, 'Villa 515, Valley Rd', 'Riyadh', 'West', 530, 1080, 24.6960, 46.6550, 'villa'),
(51, 'Apt 616, Hill Ln', 'Riyadh', 'Central', 275, 575, 24.7200, 46.6830, 'apartment'),
(52, 'Villa 717, Park Ave', 'Riyadh', 'East', 540, 1090, 24.7330, 46.7140, 'villa'),
(53, 'Apt 818, Beach Dr', 'Riyadh', 'North', 260, 540, 24.7500, 46.6950, 'apartment'),
(54, 'Villa 919, Lake Rd', 'Riyadh', 'South', 560, 1140, 24.7090, 46.6730, 'villa'),
(55, 'Apt 020, Bay St', 'Riyadh', 'West', 250, 520, 24.6990, 46.6530, 'apartment'),
(56, 'Villa 121, Coast Ln', 'Riyadh', 'Central', 500, 1000, 24.7190, 46.6820, 'villa'),
(57, 'Apt 222, Cove Ave', 'Riyadh', 'East', 285, 590, 24.7360, 46.7130, 'apartment'),
(58, 'Villa 323, Harbor Rd', 'Riyadh', 'North', 570, 1150, 24.7480, 46.6940, 'villa'),
(59, 'Apt 424, Port St', 'Riyadh', 'South', 270, 560, 24.7100, 46.6740, 'apartment'),
(60, 'Villa 525, Pier Ln', 'Riyadh', 'West', 520, 1050, 24.6970, 46.6540, 'villa'),
(61, 'Apt 626, Dock Ave', 'Riyadh', 'Central', 280, 580, 24.7210, 46.6840, 'apartment'),
(62, 'Villa 727, Wharf Rd', 'Riyadh', 'East', 550, 1100, 24.7340, 46.7140, 'villa'),
(63, 'Apt 828, Marina St', 'Riyadh', 'North', 255, 530, 24.7510, 46.6940, 'apartment'),
(64, 'Villa 929, Jetty Ln', 'Riyadh', 'South', 580, 1160, 24.7090, 46.6750, 'villa'),
(65, 'Apt 030, Berth Ave', 'Riyadh', 'West', 245, 510, 24.6990, 46.6540, 'apartment'),
(66, 'Villa 131, Quay Rd', 'Riyadh', 'Central', 510, 1020, 24.7200, 46.6850, 'villa'),
(67, 'Apt 232, Slip St', 'Riyadh', 'East', 290, 600, 24.7350, 46.7150, 'apartment'),
(68, 'Villa 333, Landing Ln', 'Riyadh', 'North', 560, 1140, 24.7480, 46.6950, 'villa'),
(69, 'Apt 434, Anchorage Dr', 'Riyadh', 'South', 260, 550, 24.7100, 46.6740, 'apartment'),
(70, 'Villa 535, Fleet Rd', 'Riyadh', 'West', 530, 1080, 24.6970, 46.6550, 'villa'),
(71, 'Apt 636, Boat Ln', 'Riyadh', 'Central', 275, 575, 24.7210, 46.6840, 'apartment'),
(72, 'Villa 737, Ship Ave', 'Riyadh', 'East', 540, 1090, 24.7340, 46.7140, 'villa'),
(73, 'Apt 838, Sail St', 'Riyadh', 'North', 260, 540, 24.7510, 46.6940, 'apartment'),
(74, 'Villa 939, Anchor Rd', 'Riyadh', 'South', 570, 1150, 24.7100, 46.6750, 'villa'),
(75, 'Apt 040, Stern Ln', 'Riyadh', 'West', 250, 520, 24.6980, 46.6540, 'apartment'),
(76, 'Villa 141, Bow Ave', 'Riyadh', 'Central', 500, 1000, 24.7190, 46.6850, 'villa'),
(77, 'Apt 242, Hull St', 'Riyadh', 'East', 285, 595, 24.7360, 46.7140, 'apartment'),
(78, 'Villa 343, Cargo Rd', 'Riyadh', 'North', 560, 1140, 24.7480, 46.6940, 'villa'),
(79, 'Apt 444, Passage Ln', 'Riyadh', 'South', 270, 560, 24.7100, 46.6740, 'apartment'),
(80, 'Villa 545, Route Ave', 'Riyadh', 'West', 520, 1050, 24.6970, 46.6550, 'villa'),
(81, 'Apt 646, Course St', 'Riyadh', 'Central', 280, 580, 24.7210, 46.6840, 'apartment'),
(82, 'Villa 747, Journey Rd', 'Riyadh', 'East', 550, 1100, 24.7340, 46.7140, 'villa'),
(83, 'Apt 848, Travel Ln', 'Riyadh', 'North', 255, 530, 24.7510, 46.6940, 'apartment'),
(84, 'Villa 949, Voyage Ave', 'Riyadh', 'South', 580, 1160, 24.7100, 46.6750, 'villa'),
(85, 'Apt 050, Cruise St', 'Riyadh', 'West', 245, 510, 24.6980, 46.6540, 'apartment');

-- Insert test meters
INSERT INTO meters (premise_id, meter_number, meter_type, diameter_mm, installation_date, status) VALUES
(1, 'MTR001', 'water', 20, '2023-01-01', 'active'),
(2, 'MTR002', 'water', 15, '2023-01-15', 'active'),
(3, 'MTR003', 'water', 50, '2023-02-01', 'active');

-- Insert test meter readings
INSERT INTO meter_readings (meter_id, reading_date, value, uom, status, period_start_date, period_end_date, days_in_period) VALUES
(1, '2025-12-01', 1000.50, 'm3', 'active', '2025-12-01', '2025-12-31', 30),
(2, '2025-12-01', 500.75, 'm3', 'active', '2025-12-01', '2025-12-31', 30),
(3, '2025-12-01', 5000.00, 'm3', 'active', '2025-12-01', '2025-12-31', 30);

-- Insert test service agreements
INSERT INTO service_agreements (premise_id, agreement_type, start_date, end_date, status) VALUES
(1, 'Water Supply', '2023-01-01', NULL, 'active'),
(2, 'Water Supply', '2023-01-15', NULL, 'active'),
(3, 'Water Supply', '2023-02-01', NULL, 'active'),
(1, 'Sewage Service', '2023-01-01', NULL, 'active'),
(2, 'Sewage Service', '2023-01-15', NULL, 'active'),
(3, 'Sewage Service', '2023-02-01', NULL, 'active');

-- Insert test bills - 6 months (July-December 2025) for all 85 accounts
-- Each account has bills from 2025-07-15 to 2025-12-15 (6 bills per account = 510 bills total)
INSERT INTO bills (account_id, bill_date, due_date, total_amount, status) VALUES
(1, '2025-07-15', '2025-08-15', 77, 'paid'),
(1, '2025-08-15', '2025-09-15', 82, 'paid'),
(1, '2025-09-15', '2025-10-15', 106, 'paid'),
(1, '2025-10-15', '2025-11-15', 61, 'paid'),
(1, '2025-11-15', '2025-12-15', 60, 'paid'),
(1, '2025-12-15', '2026-01-15', 103, 'pending'),
(2, '2025-07-15', '2025-08-15', 100, 'paid'),
(2, '2025-08-15', '2025-09-15', 85, 'paid'),
(2, '2025-09-15', '2025-10-15', 104, 'paid'),
(2, '2025-10-15', '2025-11-15', 104, 'paid'),
(2, '2025-11-15', '2025-12-15', 95, 'paid'),
(2, '2025-12-15', '2026-01-15', 64, 'pending'),
(3, '2025-07-15', '2025-08-15', 1624, 'paid'),
(3, '2025-08-15', '2025-09-15', 1757, 'paid'),
(3, '2025-09-15', '2025-10-15', 1667, 'paid'),
(3, '2025-10-15', '2025-11-15', 1798, 'paid'),
(3, '2025-11-15', '2025-12-15', 1641, 'paid'),
(3, '2025-12-15', '2026-01-15', 1783, 'pending'),
(4, '2025-07-15', '2025-08-15', 85, 'paid'),
(4, '2025-08-15', '2025-09-15', 86, 'paid'),
(4, '2025-09-15', '2025-10-15', 82, 'paid'),
(4, '2025-10-15', '2025-11-15', 96, 'paid'),
(4, '2025-11-15', '2025-12-15', 107, 'paid'),
(4, '2025-12-15', '2026-01-15', 71, 'pending'),
(5, '2025-07-15', '2025-08-15', 64, 'paid'),
(5, '2025-08-15', '2025-09-15', 106, 'paid'),
(5, '2025-09-15', '2025-10-15', 64, 'paid'),
(5, '2025-10-15', '2025-11-15', 107, 'paid'),
(5, '2025-11-15', '2025-12-15', 69, 'paid'),
(5, '2025-12-15', '2026-01-15', 99, 'pending'),
(6, '2025-07-15', '2025-08-15', 106, 'paid'),
(6, '2025-08-15', '2025-09-15', 63, 'paid'),
(6, '2025-09-15', '2025-10-15', 72, 'paid'),
(6, '2025-10-15', '2025-11-15', 93, 'paid'),
(6, '2025-11-15', '2025-12-15', 76, 'paid'),
(6, '2025-12-15', '2026-01-15', 101, 'pending'),
(7, '2025-07-15', '2025-08-15', 101, 'paid'),
(7, '2025-08-15', '2025-09-15', 75, 'paid'),
(7, '2025-09-15', '2025-10-15', 95, 'paid'),
(7, '2025-10-15', '2025-11-15', 69, 'paid'),
(7, '2025-11-15', '2025-12-15', 89, 'paid'),
(7, '2025-12-15', '2026-01-15', 63, 'pending'),
(8, '2025-07-15', '2025-08-15', 94, 'paid'),
(8, '2025-08-15', '2025-09-15', 95, 'paid'),
(8, '2025-09-15', '2025-10-15', 104, 'paid'),
(8, '2025-10-15', '2025-11-15', 98, 'paid'),
(8, '2025-11-15', '2025-12-15', 100, 'paid'),
(8, '2025-12-15', '2026-01-15', 85, 'pending'),
(9, '2025-07-15', '2025-08-15', 87, 'paid'),
(9, '2025-08-15', '2025-09-15', 90, 'paid'),
(9, '2025-09-15', '2025-10-15', 89, 'paid'),
(9, '2025-10-15', '2025-11-15', 99, 'paid'),
(9, '2025-11-15', '2025-12-15', 99, 'paid'),
(9, '2025-12-15', '2026-01-15', 108, 'pending'),
(10, '2025-07-15', '2025-08-15', 79, 'paid'),
(10, '2025-08-15', '2025-09-15', 89, 'paid'),
(10, '2025-09-15', '2025-10-15', 61, 'paid'),
(10, '2025-10-15', '2025-11-15', 105, 'paid'),
(10, '2025-11-15', '2025-12-15', 86, 'paid'),
(10, '2025-12-15', '2026-01-15', 105, 'pending'),
(11, '2025-07-15', '2025-08-15', 63, 'paid'),
(11, '2025-08-15', '2025-09-15', 108, 'paid'),
(11, '2025-09-15', '2025-10-15', 103, 'paid'),
(11, '2025-10-15', '2025-11-15', 102, 'paid'),
(11, '2025-11-15', '2025-12-15', 82, 'paid'),
(11, '2025-12-15', '2026-01-15', 60, 'pending'),
(12, '2025-07-15', '2025-08-15', 109, 'paid'),
(12, '2025-08-15', '2025-09-15', 96, 'paid'),
(12, '2025-09-15', '2025-10-15', 91, 'paid'),
(12, '2025-10-15', '2025-11-15', 82, 'paid'),
(12, '2025-11-15', '2025-12-15', 97, 'paid'),
(12, '2025-12-15', '2026-01-15', 102, 'pending'),
(13, '2025-07-15', '2025-08-15', 97, 'paid'),
(13, '2025-08-15', '2025-09-15', 93, 'paid'),
(13, '2025-09-15', '2025-10-15', 72, 'paid'),
(13, '2025-10-15', '2025-11-15', 74, 'paid'),
(13, '2025-11-15', '2025-12-15', 76, 'paid'),
(13, '2025-12-15', '2026-01-15', 107, 'pending'),
(14, '2025-07-15', '2025-08-15', 78, 'paid'),
(14, '2025-08-15', '2025-09-15', 83, 'paid'),
(14, '2025-09-15', '2025-10-15', 85, 'paid'),
(14, '2025-10-15', '2025-11-15', 78, 'paid'),
(14, '2025-11-15', '2025-12-15', 100, 'paid'),
(14, '2025-12-15', '2026-01-15', 91, 'pending'),
(15, '2025-07-15', '2025-08-15', 99, 'paid'),
(15, '2025-08-15', '2025-09-15', 88, 'paid'),
(15, '2025-09-15', '2025-10-15', 87, 'paid'),
(15, '2025-10-15', '2025-11-15', 106, 'paid'),
(15, '2025-11-15', '2025-12-15', 65, 'paid'),
(15, '2025-12-15', '2026-01-15', 62, 'pending'),
(16, '2025-07-15', '2025-08-15', 69, 'paid'),
(16, '2025-08-15', '2025-09-15', 108, 'paid'),
(16, '2025-09-15', '2025-10-15', 69, 'paid'),
(16, '2025-10-15', '2025-11-15', 74, 'paid'),
(16, '2025-11-15', '2025-12-15', 71, 'paid'),
(16, '2025-12-15', '2026-01-15', 86, 'pending'),
(17, '2025-07-15', '2025-08-15', 90, 'paid'),
(17, '2025-08-15', '2025-09-15', 65, 'paid'),
(17, '2025-09-15', '2025-10-15', 61, 'paid'),
(17, '2025-10-15', '2025-11-15', 63, 'paid'),
(17, '2025-11-15', '2025-12-15', 71, 'paid'),
(17, '2025-12-15', '2026-01-15', 89, 'pending'),
(18, '2025-07-15', '2025-08-15', 67, 'paid'),
(18, '2025-08-15', '2025-09-15', 96, 'paid'),
(18, '2025-09-15', '2025-10-15', 95, 'paid'),
(18, '2025-10-15', '2025-11-15', 108, 'paid'),
(18, '2025-11-15', '2025-12-15', 90, 'paid'),
(18, '2025-12-15', '2026-01-15', 98, 'pending'),
(19, '2025-07-15', '2025-08-15', 104, 'paid'),
(19, '2025-08-15', '2025-09-15', 60, 'paid'),
(19, '2025-09-15', '2025-10-15', 85, 'paid'),
(19, '2025-10-15', '2025-11-15', 104, 'paid'),
(19, '2025-11-15', '2025-12-15', 84, 'paid'),
(19, '2025-12-15', '2026-01-15', 74, 'pending'),
(20, '2025-07-15', '2025-08-15', 97, 'paid'),
(20, '2025-08-15', '2025-09-15', 67, 'paid'),
(20, '2025-09-15', '2025-10-15', 96, 'paid'),
(20, '2025-10-15', '2025-11-15', 95, 'paid'),
(20, '2025-11-15', '2025-12-15', 107, 'paid'),
(20, '2025-12-15', '2026-01-15', 75, 'pending'),
(21, '2025-07-15', '2025-08-15', 82, 'paid'),
(21, '2025-08-15', '2025-09-15', 81, 'paid'),
(21, '2025-09-15', '2025-10-15', 84, 'paid'),
(21, '2025-10-15', '2025-11-15', 84, 'paid'),
(21, '2025-11-15', '2025-12-15', 65, 'paid'),
(21, '2025-12-15', '2026-01-15', 95, 'pending'),
(22, '2025-07-15', '2025-08-15', 66, 'paid'),
(22, '2025-08-15', '2025-09-15', 107, 'paid'),
(22, '2025-09-15', '2025-10-15', 68, 'paid'),
(22, '2025-10-15', '2025-11-15', 92, 'paid'),
(22, '2025-11-15', '2025-12-15', 97, 'paid'),
(22, '2025-12-15', '2026-01-15', 93, 'pending'),
(23, '2025-07-15', '2025-08-15', 93, 'paid'),
(23, '2025-08-15', '2025-09-15', 107, 'paid'),
(23, '2025-09-15', '2025-10-15', 78, 'paid'),
(23, '2025-10-15', '2025-11-15', 73, 'paid'),
(23, '2025-11-15', '2025-12-15', 83, 'paid'),
(23, '2025-12-15', '2026-01-15', 69, 'pending'),
(24, '2025-07-15', '2025-08-15', 84, 'paid'),
(24, '2025-08-15', '2025-09-15', 107, 'paid'),
(24, '2025-09-15', '2025-10-15', 67, 'paid'),
(24, '2025-10-15', '2025-11-15', 108, 'paid'),
(24, '2025-11-15', '2025-12-15', 107, 'paid'),
(24, '2025-12-15', '2026-01-15', 98, 'pending'),
(25, '2025-07-15', '2025-08-15', 64, 'paid'),
(25, '2025-08-15', '2025-09-15', 95, 'paid'),
(25, '2025-09-15', '2025-10-15', 103, 'paid'),
(25, '2025-10-15', '2025-11-15', 81, 'paid'),
(25, '2025-11-15', '2025-12-15', 102, 'paid'),
(25, '2025-12-15', '2026-01-15', 65, 'pending'),
(26, '2025-07-15', '2025-08-15', 66, 'paid'),
(26, '2025-08-15', '2025-09-15', 67, 'paid'),
(26, '2025-09-15', '2025-10-15', 90, 'paid'),
(26, '2025-10-15', '2025-11-15', 104, 'paid'),
(26, '2025-11-15', '2025-12-15', 65, 'paid'),
(26, '2025-12-15', '2026-01-15', 81, 'pending'),
(27, '2025-07-15', '2025-08-15', 93, 'paid'),
(27, '2025-08-15', '2025-09-15', 106, 'paid'),
(27, '2025-09-15', '2025-10-15', 84, 'paid'),
(27, '2025-10-15', '2025-11-15', 67, 'paid'),
(27, '2025-11-15', '2025-12-15', 78, 'paid'),
(27, '2025-12-15', '2026-01-15', 99, 'pending'),
(28, '2025-07-15', '2025-08-15', 94, 'paid'),
(28, '2025-08-15', '2025-09-15', 98, 'paid'),
(28, '2025-09-15', '2025-10-15', 71, 'paid'),
(28, '2025-10-15', '2025-11-15', 88, 'paid'),
(28, '2025-11-15', '2025-12-15', 79, 'paid'),
(28, '2025-12-15', '2026-01-15', 87, 'pending'),
(29, '2025-07-15', '2025-08-15', 99, 'paid'),
(29, '2025-08-15', '2025-09-15', 79, 'paid'),
(29, '2025-09-15', '2025-10-15', 67, 'paid'),
(29, '2025-10-15', '2025-11-15', 108, 'paid'),
(29, '2025-11-15', '2025-12-15', 72, 'paid'),
(29, '2025-12-15', '2026-01-15', 69, 'pending'),
(30, '2025-07-15', '2025-08-15', 79, 'paid'),
(30, '2025-08-15', '2025-09-15', 63, 'paid'),
(30, '2025-09-15', '2025-10-15', 71, 'paid'),
(30, '2025-10-15', '2025-11-15', 95, 'paid'),
(30, '2025-11-15', '2025-12-15', 91, 'paid'),
(30, '2025-12-15', '2026-01-15', 101, 'pending'),
(31, '2025-07-15', '2025-08-15', 77, 'paid'),
(31, '2025-08-15', '2025-09-15', 109, 'paid'),
(31, '2025-09-15', '2025-10-15', 86, 'paid'),
(31, '2025-10-15', '2025-11-15', 107, 'paid'),
(31, '2025-11-15', '2025-12-15', 82, 'paid'),
(31, '2025-12-15', '2026-01-15', 60, 'pending'),
(32, '2025-07-15', '2025-08-15', 93, 'paid'),
(32, '2025-08-15', '2025-09-15', 105, 'paid'),
(32, '2025-09-15', '2025-10-15', 88, 'paid'),
(32, '2025-10-15', '2025-11-15', 105, 'paid'),
(32, '2025-11-15', '2025-12-15', 73, 'paid'),
(32, '2025-12-15', '2026-01-15', 90, 'pending'),
(33, '2025-07-15', '2025-08-15', 103, 'paid'),
(33, '2025-08-15', '2025-09-15', 75, 'paid'),
(33, '2025-09-15', '2025-10-15', 93, 'paid'),
(33, '2025-10-15', '2025-11-15', 90, 'paid'),
(33, '2025-11-15', '2025-12-15', 101, 'paid'),
(33, '2025-12-15', '2026-01-15', 71, 'pending'),
(34, '2025-07-15', '2025-08-15', 63, 'paid'),
(34, '2025-08-15', '2025-09-15', 63, 'paid'),
(34, '2025-09-15', '2025-10-15', 70, 'paid'),
(34, '2025-10-15', '2025-11-15', 77, 'paid'),
(34, '2025-11-15', '2025-12-15', 89, 'paid'),
(34, '2025-12-15', '2026-01-15', 70, 'pending'),
(35, '2025-07-15', '2025-08-15', 100, 'paid'),
(35, '2025-08-15', '2025-09-15', 101, 'paid'),
(35, '2025-09-15', '2025-10-15', 73, 'paid'),
(35, '2025-10-15', '2025-11-15', 90, 'paid'),
(35, '2025-11-15', '2025-12-15', 70, 'paid'),
(35, '2025-12-15', '2026-01-15', 60, 'pending'),
(36, '2025-07-15', '2025-08-15', 94, 'paid'),
(36, '2025-08-15', '2025-09-15', 79, 'paid'),
(36, '2025-09-15', '2025-10-15', 66, 'paid'),
(36, '2025-10-15', '2025-11-15', 99, 'paid'),
(36, '2025-11-15', '2025-12-15', 65, 'paid'),
(36, '2025-12-15', '2026-01-15', 86, 'pending'),
(37, '2025-07-15', '2025-08-15', 75, 'paid'),
(37, '2025-08-15', '2025-09-15', 104, 'paid'),
(37, '2025-09-15', '2025-10-15', 108, 'paid'),
(37, '2025-10-15', '2025-11-15', 82, 'paid'),
(37, '2025-11-15', '2025-12-15', 67, 'paid'),
(37, '2025-12-15', '2026-01-15', 61, 'pending'),
(38, '2025-07-15', '2025-08-15', 83, 'paid'),
(38, '2025-08-15', '2025-09-15', 100, 'paid'),
(38, '2025-09-15', '2025-10-15', 68, 'paid'),
(38, '2025-10-15', '2025-11-15', 75, 'paid'),
(38, '2025-11-15', '2025-12-15', 96, 'paid'),
(38, '2025-12-15', '2026-01-15', 106, 'pending'),
(39, '2025-07-15', '2025-08-15', 93, 'paid'),
(39, '2025-08-15', '2025-09-15', 64, 'paid'),
(39, '2025-09-15', '2025-10-15', 70, 'paid'),
(39, '2025-10-15', '2025-11-15', 79, 'paid'),
(39, '2025-11-15', '2025-12-15', 62, 'paid'),
(39, '2025-12-15', '2026-01-15', 104, 'pending'),
(40, '2025-07-15', '2025-08-15', 85, 'paid'),
(40, '2025-08-15', '2025-09-15', 73, 'paid'),
(40, '2025-09-15', '2025-10-15', 83, 'paid'),
(40, '2025-10-15', '2025-11-15', 93, 'paid'),
(40, '2025-11-15', '2025-12-15', 72, 'paid'),
(40, '2025-12-15', '2026-01-15', 96, 'pending'),
(41, '2025-07-15', '2025-08-15', 86, 'paid'),
(41, '2025-08-15', '2025-09-15', 66, 'paid'),
(41, '2025-09-15', '2025-10-15', 78, 'paid'),
(41, '2025-10-15', '2025-11-15', 86, 'paid'),
(41, '2025-11-15', '2025-12-15', 60, 'paid'),
(41, '2025-12-15', '2026-01-15', 89, 'pending'),
(42, '2025-07-15', '2025-08-15', 84, 'paid'),
(42, '2025-08-15', '2025-09-15', 101, 'paid'),
(42, '2025-09-15', '2025-10-15', 76, 'paid'),
(42, '2025-10-15', '2025-11-15', 79, 'paid'),
(42, '2025-11-15', '2025-12-15', 76, 'paid'),
(42, '2025-12-15', '2026-01-15', 78, 'pending'),
(43, '2025-07-15', '2025-08-15', 100, 'paid'),
(43, '2025-08-15', '2025-09-15', 89, 'paid'),
(43, '2025-09-15', '2025-10-15', 67, 'paid'),
(43, '2025-10-15', '2025-11-15', 71, 'paid'),
(43, '2025-11-15', '2025-12-15', 73, 'paid'),
(43, '2025-12-15', '2026-01-15', 73, 'pending'),
(44, '2025-07-15', '2025-08-15', 100, 'paid'),
(44, '2025-08-15', '2025-09-15', 102, 'paid'),
(44, '2025-09-15', '2025-10-15', 106, 'paid'),
(44, '2025-10-15', '2025-11-15', 85, 'paid'),
(44, '2025-11-15', '2025-12-15', 78, 'paid'),
(44, '2025-12-15', '2026-01-15', 100, 'pending'),
(45, '2025-07-15', '2025-08-15', 105, 'paid'),
(45, '2025-08-15', '2025-09-15', 68, 'paid'),
(45, '2025-09-15', '2025-10-15', 85, 'paid'),
(45, '2025-10-15', '2025-11-15', 89, 'paid'),
(45, '2025-11-15', '2025-12-15', 93, 'paid'),
(45, '2025-12-15', '2026-01-15', 105, 'pending'),
(46, '2025-07-15', '2025-08-15', 81, 'paid'),
(46, '2025-08-15', '2025-09-15', 72, 'paid'),
(46, '2025-09-15', '2025-10-15', 77, 'paid'),
(46, '2025-10-15', '2025-11-15', 108, 'paid'),
(46, '2025-11-15', '2025-12-15', 96, 'paid'),
(46, '2025-12-15', '2026-01-15', 84, 'pending'),
(47, '2025-07-15', '2025-08-15', 93, 'paid'),
(47, '2025-08-15', '2025-09-15', 82, 'paid'),
(47, '2025-09-15', '2025-10-15', 95, 'paid'),
(47, '2025-10-15', '2025-11-15', 66, 'paid'),
(47, '2025-11-15', '2025-12-15', 95, 'paid'),
(47, '2025-12-15', '2026-01-15', 106, 'pending'),
(48, '2025-07-15', '2025-08-15', 97, 'paid'),
(48, '2025-08-15', '2025-09-15', 69, 'paid'),
(48, '2025-09-15', '2025-10-15', 106, 'paid'),
(48, '2025-10-15', '2025-11-15', 64, 'paid'),
(48, '2025-11-15', '2025-12-15', 77, 'paid'),
(48, '2025-12-15', '2026-01-15', 80, 'pending'),
(49, '2025-07-15', '2025-08-15', 103, 'paid'),
(49, '2025-08-15', '2025-09-15', 68, 'paid'),
(49, '2025-09-15', '2025-10-15', 78, 'paid'),
(49, '2025-10-15', '2025-11-15', 85, 'paid'),
(49, '2025-11-15', '2025-12-15', 89, 'paid'),
(49, '2025-12-15', '2026-01-15', 87, 'pending'),
(50, '2025-07-15', '2025-08-15', 109, 'paid'),
(50, '2025-08-15', '2025-09-15', 107, 'paid'),
(50, '2025-09-15', '2025-10-15', 66, 'paid'),
(50, '2025-10-15', '2025-11-15', 64, 'paid'),
(50, '2025-11-15', '2025-12-15', 68, 'paid'),
(50, '2025-12-15', '2026-01-15', 61, 'pending'),
(51, '2025-07-15', '2025-08-15', 63, 'paid'),
(51, '2025-08-15', '2025-09-15', 77, 'paid'),
(51, '2025-09-15', '2025-10-15', 75, 'paid'),
(51, '2025-10-15', '2025-11-15', 79, 'paid'),
(51, '2025-11-15', '2025-12-15', 94, 'paid'),
(51, '2025-12-15', '2026-01-15', 76, 'pending'),
(52, '2025-07-15', '2025-08-15', 71, 'paid'),
(52, '2025-08-15', '2025-09-15', 94, 'paid'),
(52, '2025-09-15', '2025-10-15', 92, 'paid'),
(52, '2025-10-15', '2025-11-15', 100, 'paid'),
(52, '2025-11-15', '2025-12-15', 99, 'paid'),
(52, '2025-12-15', '2026-01-15', 66, 'pending'),
(53, '2025-07-15', '2025-08-15', 99, 'paid'),
(53, '2025-08-15', '2025-09-15', 77, 'paid'),
(53, '2025-09-15', '2025-10-15', 80, 'paid'),
(53, '2025-10-15', '2025-11-15', 98, 'paid'),
(53, '2025-11-15', '2025-12-15', 101, 'paid'),
(53, '2025-12-15', '2026-01-15', 63, 'pending'),
(54, '2025-07-15', '2025-08-15', 78, 'paid'),
(54, '2025-08-15', '2025-09-15', 78, 'paid'),
(54, '2025-09-15', '2025-10-15', 76, 'paid'),
(54, '2025-10-15', '2025-11-15', 108, 'paid'),
(54, '2025-11-15', '2025-12-15', 101, 'paid'),
(54, '2025-12-15', '2026-01-15', 60, 'pending'),
(55, '2025-07-15', '2025-08-15', 78, 'paid'),
(55, '2025-08-15', '2025-09-15', 93, 'paid'),
(55, '2025-09-15', '2025-10-15', 71, 'paid'),
(55, '2025-10-15', '2025-11-15', 85, 'paid'),
(55, '2025-11-15', '2025-12-15', 62, 'paid'),
(55, '2025-12-15', '2026-01-15', 76, 'pending'),
(56, '2025-07-15', '2025-08-15', 80, 'paid'),
(56, '2025-08-15', '2025-09-15', 76, 'paid'),
(56, '2025-09-15', '2025-10-15', 90, 'paid'),
(56, '2025-10-15', '2025-11-15', 84, 'paid'),
(56, '2025-11-15', '2025-12-15', 73, 'paid'),
(56, '2025-12-15', '2026-01-15', 71, 'pending'),
(57, '2025-07-15', '2025-08-15', 88, 'paid'),
(57, '2025-08-15', '2025-09-15', 103, 'paid'),
(57, '2025-09-15', '2025-10-15', 82, 'paid'),
(57, '2025-10-15', '2025-11-15', 76, 'paid'),
(57, '2025-11-15', '2025-12-15', 84, 'paid'),
(57, '2025-12-15', '2026-01-15', 108, 'pending'),
(58, '2025-07-15', '2025-08-15', 92, 'paid'),
(58, '2025-08-15', '2025-09-15', 78, 'paid'),
(58, '2025-09-15', '2025-10-15', 65, 'paid'),
(58, '2025-10-15', '2025-11-15', 89, 'paid'),
(58, '2025-11-15', '2025-12-15', 71, 'paid'),
(58, '2025-12-15', '2026-01-15', 62, 'pending'),
(59, '2025-07-15', '2025-08-15', 91, 'paid'),
(59, '2025-08-15', '2025-09-15', 102, 'paid'),
(59, '2025-09-15', '2025-10-15', 99, 'paid'),
(59, '2025-10-15', '2025-11-15', 62, 'paid'),
(59, '2025-11-15', '2025-12-15', 107, 'paid'),
(59, '2025-12-15', '2026-01-15', 103, 'pending'),
(60, '2025-07-15', '2025-08-15', 109, 'paid'),
(60, '2025-08-15', '2025-09-15', 72, 'paid'),
(60, '2025-09-15', '2025-10-15', 76, 'paid'),
(60, '2025-10-15', '2025-11-15', 105, 'paid'),
(60, '2025-11-15', '2025-12-15', 94, 'paid'),
(60, '2025-12-15', '2026-01-15', 77, 'pending'),
(61, '2025-07-15', '2025-08-15', 100, 'paid'),
(61, '2025-08-15', '2025-09-15', 96, 'paid'),
(61, '2025-09-15', '2025-10-15', 92, 'paid'),
(61, '2025-10-15', '2025-11-15', 80, 'paid'),
(61, '2025-11-15', '2025-12-15', 70, 'paid'),
(61, '2025-12-15', '2026-01-15', 76, 'pending'),
(62, '2025-07-15', '2025-08-15', 66, 'paid'),
(62, '2025-08-15', '2025-09-15', 82, 'paid'),
(62, '2025-09-15', '2025-10-15', 88, 'paid'),
(62, '2025-10-15', '2025-11-15', 64, 'paid'),
(62, '2025-11-15', '2025-12-15', 93, 'paid'),
(62, '2025-12-15', '2026-01-15', 109, 'pending'),
(63, '2025-07-15', '2025-08-15', 107, 'paid'),
(63, '2025-08-15', '2025-09-15', 86, 'paid'),
(63, '2025-09-15', '2025-10-15', 100, 'paid'),
(63, '2025-10-15', '2025-11-15', 93, 'paid'),
(63, '2025-11-15', '2025-12-15', 60, 'paid'),
(63, '2025-12-15', '2026-01-15', 69, 'pending'),
(64, '2025-07-15', '2025-08-15', 77, 'paid'),
(64, '2025-08-15', '2025-09-15', 71, 'paid'),
(64, '2025-09-15', '2025-10-15', 103, 'paid'),
(64, '2025-10-15', '2025-11-15', 92, 'paid'),
(64, '2025-11-15', '2025-12-15', 65, 'paid'),
(64, '2025-12-15', '2026-01-15', 90, 'pending'),
(65, '2025-07-15', '2025-08-15', 81, 'paid'),
(65, '2025-08-15', '2025-09-15', 64, 'paid'),
(65, '2025-09-15', '2025-10-15', 72, 'paid'),
(65, '2025-10-15', '2025-11-15', 94, 'paid'),
(65, '2025-11-15', '2025-12-15', 108, 'paid'),
(65, '2025-12-15', '2026-01-15', 93, 'pending'),
(66, '2025-07-15', '2025-08-15', 66, 'paid'),
(66, '2025-08-15', '2025-09-15', 96, 'paid'),
(66, '2025-09-15', '2025-10-15', 90, 'paid'),
(66, '2025-10-15', '2025-11-15', 73, 'paid'),
(66, '2025-11-15', '2025-12-15', 89, 'paid'),
(66, '2025-12-15', '2026-01-15', 82, 'pending'),
(67, '2025-07-15', '2025-08-15', 76, 'paid'),
(67, '2025-08-15', '2025-09-15', 64, 'paid'),
(67, '2025-09-15', '2025-10-15', 67, 'paid'),
(67, '2025-10-15', '2025-11-15', 106, 'paid'),
(67, '2025-11-15', '2025-12-15', 103, 'paid'),
(67, '2025-12-15', '2026-01-15', 75, 'pending'),
(68, '2025-07-15', '2025-08-15', 71, 'paid'),
(68, '2025-08-15', '2025-09-15', 81, 'paid'),
(68, '2025-09-15', '2025-10-15', 78, 'paid'),
(68, '2025-10-15', '2025-11-15', 80, 'paid'),
(68, '2025-11-15', '2025-12-15', 95, 'paid'),
(68, '2025-12-15', '2026-01-15', 68, 'pending'),
(69, '2025-07-15', '2025-08-15', 101, 'paid'),
(69, '2025-08-15', '2025-09-15', 64, 'paid'),
(69, '2025-09-15', '2025-10-15', 108, 'paid'),
(69, '2025-10-15', '2025-11-15', 68, 'paid'),
(69, '2025-11-15', '2025-12-15', 96, 'paid'),
(69, '2025-12-15', '2026-01-15', 61, 'pending'),
(70, '2025-07-15', '2025-08-15', 98, 'paid'),
(70, '2025-08-15', '2025-09-15', 85, 'paid'),
(70, '2025-09-15', '2025-10-15', 88, 'paid'),
(70, '2025-10-15', '2025-11-15', 104, 'paid'),
(70, '2025-11-15', '2025-12-15', 82, 'paid'),
(70, '2025-12-15', '2026-01-15', 64, 'pending'),
(71, '2025-07-15', '2025-08-15', 80, 'paid'),
(71, '2025-08-15', '2025-09-15', 60, 'paid'),
(71, '2025-09-15', '2025-10-15', 85, 'paid'),
(71, '2025-10-15', '2025-11-15', 82, 'paid'),
(71, '2025-11-15', '2025-12-15', 60, 'paid'),
(71, '2025-12-15', '2026-01-15', 88, 'pending'),
(72, '2025-07-15', '2025-08-15', 109, 'paid'),
(72, '2025-08-15', '2025-09-15', 69, 'paid'),
(72, '2025-09-15', '2025-10-15', 60, 'paid'),
(72, '2025-10-15', '2025-11-15', 97, 'paid'),
(72, '2025-11-15', '2025-12-15', 74, 'paid'),
(72, '2025-12-15', '2026-01-15', 72, 'pending'),
(73, '2025-07-15', '2025-08-15', 80, 'paid'),
(73, '2025-08-15', '2025-09-15', 83, 'paid'),
(73, '2025-09-15', '2025-10-15', 108, 'paid'),
(73, '2025-10-15', '2025-11-15', 64, 'paid'),
(73, '2025-11-15', '2025-12-15', 77, 'paid'),
(73, '2025-12-15', '2026-01-15', 60, 'pending'),
(74, '2025-07-15', '2025-08-15', 81, 'paid'),
(74, '2025-08-15', '2025-09-15', 91, 'paid'),
(74, '2025-09-15', '2025-10-15', 66, 'paid'),
(74, '2025-10-15', '2025-11-15', 94, 'paid'),
(74, '2025-11-15', '2025-12-15', 97, 'paid'),
(74, '2025-12-15', '2026-01-15', 90, 'pending'),
(75, '2025-07-15', '2025-08-15', 94, 'paid'),
(75, '2025-08-15', '2025-09-15', 103, 'paid'),
(75, '2025-09-15', '2025-10-15', 64, 'paid'),
(75, '2025-10-15', '2025-11-15', 96, 'paid'),
(75, '2025-11-15', '2025-12-15', 66, 'paid'),
(75, '2025-12-15', '2026-01-15', 102, 'pending'),
(76, '2025-07-15', '2025-08-15', 62, 'paid'),
(76, '2025-08-15', '2025-09-15', 99, 'paid'),
(76, '2025-09-15', '2025-10-15', 92, 'paid'),
(76, '2025-10-15', '2025-11-15', 63, 'paid'),
(76, '2025-11-15', '2025-12-15', 70, 'paid'),
(76, '2025-12-15', '2026-01-15', 77, 'pending'),
(77, '2025-07-15', '2025-08-15', 73, 'paid'),
(77, '2025-08-15', '2025-09-15', 105, 'paid'),
(77, '2025-09-15', '2025-10-15', 99, 'paid'),
(77, '2025-10-15', '2025-11-15', 104, 'paid'),
(77, '2025-11-15', '2025-12-15', 93, 'paid'),
(77, '2025-12-15', '2026-01-15', 62, 'pending'),
(78, '2025-07-15', '2025-08-15', 89, 'paid'),
(78, '2025-08-15', '2025-09-15', 61, 'paid'),
(78, '2025-09-15', '2025-10-15', 77, 'paid'),
(78, '2025-10-15', '2025-11-15', 88, 'paid'),
(78, '2025-11-15', '2025-12-15', 82, 'paid'),
(78, '2025-12-15', '2026-01-15', 73, 'pending'),
(79, '2025-07-15', '2025-08-15', 100, 'paid'),
(79, '2025-08-15', '2025-09-15', 63, 'paid'),
(79, '2025-09-15', '2025-10-15', 92, 'paid'),
(79, '2025-10-15', '2025-11-15', 109, 'paid'),
(79, '2025-11-15', '2025-12-15', 81, 'paid'),
(79, '2025-12-15', '2026-01-15', 66, 'pending'),
(80, '2025-07-15', '2025-08-15', 60, 'paid'),
(80, '2025-08-15', '2025-09-15', 79, 'paid'),
(80, '2025-09-15', '2025-10-15', 61, 'paid'),
(80, '2025-10-15', '2025-11-15', 100, 'paid'),
(80, '2025-11-15', '2025-12-15', 94, 'paid'),
(80, '2025-12-15', '2026-01-15', 88, 'pending'),
(81, '2025-07-15', '2025-08-15', 79, 'paid'),
(81, '2025-08-15', '2025-09-15', 85, 'paid'),
(81, '2025-09-15', '2025-10-15', 88, 'paid'),
(81, '2025-10-15', '2025-11-15', 74, 'paid'),
(81, '2025-11-15', '2025-12-15', 90, 'paid'),
(81, '2025-12-15', '2026-01-15', 101, 'pending'),
(82, '2025-07-15', '2025-08-15', 95, 'paid'),
(82, '2025-08-15', '2025-09-15', 74, 'paid'),
(82, '2025-09-15', '2025-10-15', 88, 'paid'),
(82, '2025-10-15', '2025-11-15', 67, 'paid'),
(82, '2025-11-15', '2025-12-15', 102, 'paid'),
(82, '2025-12-15', '2026-01-15', 92, 'pending'),
(83, '2025-07-15', '2025-08-15', 95, 'paid'),
(83, '2025-08-15', '2025-09-15', 66, 'paid'),
(83, '2025-09-15', '2025-10-15', 80, 'paid'),
(83, '2025-10-15', '2025-11-15', 100, 'paid'),
(83, '2025-11-15', '2025-12-15', 64, 'paid'),
(83, '2025-12-15', '2026-01-15', 95, 'pending'),
(84, '2025-07-15', '2025-08-15', 98, 'paid'),
(84, '2025-08-15', '2025-09-15', 77, 'paid'),
(84, '2025-09-15', '2025-10-15', 99, 'paid'),
(84, '2025-10-15', '2025-11-15', 81, 'paid'),
(84, '2025-11-15', '2025-12-15', 74, 'paid'),
(84, '2025-12-15', '2026-01-15', 94, 'pending'),
(85, '2025-07-15', '2025-08-15', 69, 'paid'),
(85, '2025-08-15', '2025-09-15', 62, 'paid'),
(85, '2025-09-15', '2025-10-15', 87, 'paid'),
(85, '2025-10-15', '2025-11-15', 87, 'paid'),
(85, '2025-11-15', '2025-12-15', 106, 'paid'),
(85, '2025-12-15', '2026-01-15', 109, 'pending')

-- Insert sample payment records
INSERT INTO payments (account_id, bill_id, payment_date, amount, status) VALUES
(1, 1, '2025-02-10', 85.50, 'completed'),
(1, 2, '2025-03-10', 92.75, 'completed'),
(1, 3, '2025-04-10', 78.25, 'completed'),
(1, 4, '2025-05-10', 95.50, 'completed'),
(1, 5, '2025-06-10', 110.00, 'completed'),
(1, 6, '2025-07-10', 125.75, 'completed'),
(1, 7, '2025-08-10', 135.50, 'completed'),
(1, 8, '2025-09-10', 128.00, 'completed'),
(1, 9, '2025-10-10', 98.50, 'completed'),
(1, 10, '2025-11-10', 87.75, 'completed'),
(2, 13, '2025-02-10', 65.30, 'completed'),
(2, 14, '2025-03-10', 72.50, 'completed'),
(3, 25, '2025-02-10', 78.00, 'completed');
